year,position,artist,title
1990,1,Elton John,Sacrifice / Healing Hands
1990,2,Adamski,Killer
1990,3,The Righteous Brothers,Unchained Melody
1990,4,Sinead O'Connor,Nothing Compares 2 U
1990,5,Maria McKee,Show Me Heaven
1990,6,Beats International featuring Lindy Layton,Dub Be Good To Me
1990,7,Madonna,Vogue
1990,8,Vanilla Ice,Ice Ice Baby
1990,9,Snap!,The Power
1990,10,Partners In Kryme,Turtle Power
1990,11,Englandneworder,World In Motion
1990,12,Bombalurina,Itsy Bitsy Teeny Weeny Yellow Polka Dot Bikini
1990,13,The Beautiful South,A Little Time
1990,14,The Adventures Of Stevie V,Dirty Cash
1990,15,The Steve Miller Band,The Joker
1990,16,MC Hammer,U Can't Touch This
1990,17,Alannah Myles,Black Velvet
1990,18,The B-52s,Love Shack
1990,19,Roxette,It Must Have Been Love
1990,20,Paula Abdul With The Wild Pair,Opposites Attract
1990,21,Luciano Pavarotti,Nessun Dorma
1990,22,DNA featuring Suzanne Vega,Tom's Diner
1990,23,Deee-Lite,Groove Is In The Heart / What Is Love
1990,24,Technotronic featuring Ya Kid K,Get Up (Before The Night Is Over)
1990,25,New Kids On The Block,Hangin' Tough
1990,26,Kylie Minogue,Tears On My Pillow
1990,27,Craig McLachlan & Check 1-2,Mona
1990,28,Kim Appleby,Don't Worry
1990,29,Londonbeat,I've Been Thinking About You
1990,30,Blue Pearl,Naked In The Rain
1990,31,Kylie Minogue,Better The Devil You Know
1990,32,Bobby Vinton,Blue Velvet
1990,33,EMF,Unbelievable
1990,34,UB40,Kingston Town
1990,35,Cliff Richard,Saviour's Day
1990,36,Deacon Blue,Four Bacharach And David Songs (EP)
1990,37,Michael Bolton,How Am I Supposed To Live Without You
1990,38,Mantronix featuring Wondress,Got To Have Your Love
1990,39,New Kids On The Block,Tonight
1990,40,49ers,Touch Me
1990,41,Status Quo,The Anniversary Waltz - Part One
1990,42,Snap!,Oops Up
1990,43,Erasure,Blue Savannah
1990,44,Soup Dragons featuring Junior Reid,I'm Free
1990,45,The KLF featuring The Children Of The Revolution,What Time Is Love?
1990,46,Berlin,Take My Breath Away
1990,47,Happy Mondays,Step On
1990,48,Madonna,Hanky Panky
1990,49,Heart,All I Wanna Do is Make Love To You
1990,50,David A Stewart featuring Candy Dulfer,Lily Was Here
1990,51,Candy Flip,Strawberry Fields Forever
1990,52,Betty Boo,Where Are You Baby?
1990,53,Chad Jackson,Hear The Drummer (Get Wicked)
1990,54,En Vogue,Hold On
1990,55,Wilson Phillips,Hold On
1990,56,Black Box,Fantasy
1990,57,Various Artists,The Brits 1990
1990,58,Betty Boo,Doin' The Do
1990,59,Lonnie Gordon,Happenin' All Over Again
1990,60,Madonna,Justify My Love
1990,61,Guru Josh,Infinity (1990's Time For The Guru)
1990,62,Black Box,I Don't Know Anybody Else
1990,63,Bizz Nizz,Don't Miss The Party Line
1990,64,The Family Stand,Ghetto Heaven
1990,65,Gazza & Lindisfarne,Fog On The Tyne (Revisited)
1990,66,Don Pablo's Animals,Venus
1990,67,Twenty4Seven featuring Captain Hollywood,I Can't Stand It
1990,68,Jason Donovan,When You Come Back To Me
1990,69,Soul II Soul,Get A Life
1990,70,The Farm,Groovy Train
1990,71,Whitney Houston,I'm Your Baby Tonight
1990,72,New Kids On The Block,Cover Girl
1990,73,Robert Palmer & UB40,I'll Be Your Baby Tonight
1990,74,They Might Be Giants,Birdhouse In Your Soul
1990,75,Depeche Mode,Enjoy The Silence
1990,76,Maxi Priest,Close To You
1990,77,Belinda Carlisle,(We Want) The Same Thing
1990,78,Halo James,Could Have Told You So
1990,79,FAB featuring MC Parker,Thunderbirds Are Go
1990,80,Bass-O-Matic,Fascinating Rhythm
1990,81,Mariah Carey,Vision Of Love
1990,82,The Farm,All Together Now
1990,83,Technotronic,Megamix
1990,84,Roxette,Listen To Your Heart / Dangerous
1990,85,New Kids On The Block,I'll Be Loving You (Forever)
1990,86,New Kids On The Block,Step By Step
1990,87,The Chimes,I Still Haven't Found What I'm Looking For
1990,88,Phil Collins,I Wish It Would Rain Down
1990,89,Sybil,Walk On By
1990,90,MC Tunes vs 808 State,The Only Rhyme That Bites
1990,91,Technotronic featuring Ya Kid K,Rockin' Over The Beat
1990,92,Jimmy Somerville,You Make Me Feel (Mighty Real)
1990,93,Jimmy Somerville,To Love Somebody
1990,94,The Charlatans,The Only One I Know
1990,95,Kylie Minogue,Step Back In Time
1990,96,The Righteous Brothers,You've Lost That Lovin' Feelin'
1990,97,Rod Stewart,Downtown Train
1990,98,Julee Cruise,Falling
1990,99,Rob 'N' Raz featuring Leila K,Got To Get
1990,100,Band Aid II,Do They Know It's Christmas?
1991,1,Bryan Adams,(Everything I Do) I Do It For You
1991,2,Cher,The Shoop Shoop Song (It's In His Kiss)
1991,3,Chesney Hawkes,The One And Only
1991,4,Right Said Fred,I'm Too Sexy
1991,5,The Simpsons,Do The Bartman
1991,6,Color Me Badd,I Wanna Sex You Up
1991,7,Jason Donovan,Any Dream Will Do
1991,8,Vic Reeves & The Wonder Stuff,Dizzy
1991,9,The KLF featuring The Children Of The Revolution,3AM Eternal
1991,10,2 Unlimited,Get Ready For This
1991,11,Oceanic,Insanity
1991,12,Salt-N-Pepa,Let's Talk About Sex
1991,13,James,Sit Down
1991,14,Extreme,More Than Words
1991,15,Michael Jackson,Black Or White
1991,16,The Clash,Should I Stay Or Should I Go
1991,17,Amy Grant,Baby Baby
1991,18,Enigma,Sadness Part 1
1991,19,Heavy D & The Boyz,Now That We've Found Love
1991,20,Nomad featuring MC Mikee Freedom,(I Wanna Give You) Devotion
1991,21,George Michael & Elton John,Don't Let The Sun Go Down On Me
1991,22,The Scorpions,Wind Of Change
1991,23,Beverley Craven,Promise Me
1991,24,The KLF featuring The Children Of The Revolution,Last Train To Trancentral
1991,25,Kenny Thomas,Thinking About Your Love
1991,26,Seal,Crazy
1991,27,Rod Stewart,Rhythm Of My Heart
1991,28,Diana Ross,When You Tell Me That You Love Me
1991,29,Zoe,Sunshine On A Rainy Day
1991,30,Hale & Pace & The Stonkers,The Stonk
1991,31,Crystal Waters,Gypsy Woman (La Da Dee)
1991,32,Orchestral Manoeuvres In The Dark,Sailing On The Seven Seas
1991,33,The Source featuring Candi Staton,You Got The Love
1991,34,The Prodigy,Charly
1991,35,Kiri Te Kanawa,World In Union
1991,36,Roxette,Joyride
1991,37,Queen,Bohemian Rhapsody / These Are The Days Of Our Lives
1991,38,The Shamen,Move Any Mountain
1991,39,Guns N' Roses,You Could Be Mine
1991,40,The KLF featuring Tammy Wynette,Justified And Ancient
1991,41,Two In A Room,Wiggle It
1991,42,Erasure,Chorus
1991,43,The Waterboys,The Whole Of The Moon
1991,44,C&C Music Factory featuring Freedom Williams,Things That Make You Go Hmmm...
1991,45,Oleta Adams,Get Here
1991,46,Paula Abdul,Rush Rush
1991,47,Salt-N-Pepa,Do You Want Me
1991,48,Zucchero featuring Paul Young,Senza Una Donna (Without A Woman)
1991,49,Madonna,Crazy For You
1991,50,Erasure,Love To Hate You
1991,51,PM Dawn,Set Adrift On Memory Bliss
1991,52,Julian Lennon,Saltwater
1991,53,Color Me Badd,All 4 Love
1991,54,Altern 8,Activ 8 (Come With Me)
1991,55,Rozalla,Everybody's Free (To Feel Good)
1991,56,Cathy Dennis,Touch Me (All Night Long)
1991,57,Monty Python's Flying Circus,Always Look On The Bright Side Of Life
1991,58,Iron Maiden,Bring Your Daughter... To The Slaughter
1991,59,Quartz featuring Dina Carroll,It's Too Late
1991,60,U2,The Fly
1991,61,C&C Music Factory featuring Freedom Williams,Gonna Make You Sweat
1991,62,REM,Shiny Happy People
1991,63,Queen,Innuendo
1991,64,The Bee Gees,Secret Love
1991,65,Madonna,Rescue Me
1991,66,John Travolta & Olivia Newton-John,The Grease Megamix
1991,67,Vanilla Ice,Ice Ice Baby
1991,68,Utah Saints,What Can You Do For Me
1991,69,East Side Beat,Ride Like The Wind
1991,70,Stevie B,Because I Love You (The Postman Song)
1991,71,Prince & The New Power Generation,Gett Off
1991,72,K-Klass,Rhythm Is A Mystery
1991,73,Bomb The Bass,Winter In July
1991,74,Soft Cell featuring Marc Almond,Tainted Love
1991,75,Orchestral Manoeuvres In The Dark,Pandora's Box
1991,76,Sabrina Johnston,Peace
1991,77,Xpansions,Move Your Body (Elevation)
1991,78,Praise,Only You
1991,79,Kylie Minogue,What Do I Have To Do?
1991,80,Martika,Love... Thy Will Be Done
1991,81,Bizarre Inc,Playing With Knives
1991,82,Bette Midler,From A Distance
1991,83,Incognito featuring Jocelyn Brown,Always There
1991,84,The Farm,All Together Now
1991,85,The Wonder Stuff,The Size Of A Cow
1991,86,Free,All Right Now
1991,87,Soho,Hippy Chick
1991,88,Gary Clail On-U Sound System,Human Nature
1991,89,Divinyls,I Touch Myself
1991,90,The Simpsons,Deep Deep Trouble
1991,91,Kylie Minogue & Keith Washington,If You Were With Me Now
1991,92,Pet Shop Boys,Where The Streets Have No Name / Can't Take My Eyes Off You / How Can You Expect To Be Taken Seriously?
1991,93,Brian May,Driven By You
1991,94,Dannii Minogue,Love And Kisses
1991,95,Arnee & The Terminaters,I'll Be Back
1991,96,Bassheads,Is There Anybody Out There?
1991,97,Living Colour,Love Rears Its Ugly Head
1991,98,DJ Jazzy Jeff & The Fresh Prince,Summertime
1991,99,Kym Sims,Too Blind To See It
1991,100,EMF,I Believe
1995,1,Celine Dion,Think Twice
1995,2,Robson Green & Jerome Flynn,Unchained Melody / White Cliffs Of Dover
1995,3,The Outhere Brothers,Boom Boom Boom
1995,4,The Outhere Brothers,Don't Stop (Wiggle Wiggle)
1995,5,Coolio featuring LV,Gangsta's Paradise
1995,6,Rednex,Cotton Eye Joe
1995,7,Michael Jackson,You Are Not Alone
1995,8,Take That,Back For Good
1995,9,Simply Red,Fairground
1995,10,Robson & Jerome,I Believe / Up On The Roof
1995,11,N-Trance,Set You Free
1995,12,U2,"Hold Me, Thrill Me, Kiss Me, Kill Me"
1995,13,Everything But The Girl,Missing
1995,14,Shaggy,Boombastic
1995,15,Smokie featuring Roy 'Chubby' Brown,Living Next Door To Alice (Who The F**k Is Alice)
1995,16,Diana King,Shy Guy
1995,17,Alex Party,Don't Give Me Your Life
1995,18,Ini Kamoze,Here Comes The Hotstepper
1995,19,Perez 'Prez' Prado & His Orchestra,Guaglione
1995,20,Blur,Country House
1995,21,Take That,Never Forget
1995,22,Bobby Brown,Two Can Play That Game
1995,23,MN8,I've Got A Little Something For You
1995,24,Michael Jackson,Earth Song
1995,25,Pulp,Common People
1995,26,TLC,Waterfalls
1995,27,The Rembrandts,I'll Be There For You
1995,28,Seal,Kiss From A Rose / I'm Alive
1995,29,Oasis,Wonderwall
1995,30,Supergrass,Alright / Time
1995,31,Scatman John,Scatman (Ski-Ba-Bop-Ba-Dop-Bop)
1995,32,Edwyn Collins,A Girl Like You
1995,33,Baby D,I Need Your Loving (Everybody's Got To Learn Sometime)
1995,34,Livin' Joy,Dreamer
1995,35,Boyzone,Father And Son
1995,36,Annie Lennox,No More I Love You's
1995,37,"Cher, Chrissie Hynde & Neneh Cherry With Eric Clapton",Love Can Build A Bridge
1995,38,Oasis,Some Might Say
1995,39,The Original,I Luv U Baby
1995,40,Nicki French,Total Eclipse Of The Heart
1995,41,N-Trance featuring Ricardo Da Force,Stayin' Alive
1995,42,The Bucketheads,The Bomb! (These Sounds Fall Into My Mind)
1995,43,Mariah Carey,Fantasy
1995,44,Def Leppard,When Love And Hate Collide
1995,45,Oasis,Roll With It
1995,46,Tina Arena,Chains
1995,47,The Nightcrawlers,Push The Feeling On
1995,48,Berri,The Sunshine After The Rain
1995,49,Boyzone,Love Me For A Reason
1995,50,Corona,Try Me Out
1995,51,East 17,Thunder
1995,52,Madonna,You'll See
1995,53,Strike,U Sure Do
1995,54,Meat Loaf,I'd Lie For You (And That's The Truth)
1995,55,Perfecto Allstarz,Reach Up (Papa's Got A Brand New Pigbag)
1995,56,Michael Jackson & Janet Jackson,Scream
1995,57,Pulp,Mis-shapes / Sorted For E's And Wizz
1995,58,East 17,Stay Another Day
1995,59,(MC Sar And) The Real McCoy,Run Away
1995,60,Wet Wet Wet,Julia Says
1995,61,Queen,Heaven For Everyone
1995,62,Shaggy featuring Rayvon,In The Summertime
1995,63,Whigfield,Think Of You
1995,64,Bill Whelan featuring Anuna & The RTE Concert Orchestra,Riverdance
1995,65,Bjork,It's Oh So Quiet
1995,66,Brownstone,If You Love Me
1995,67,Ali Campbell,That Look In Your Eye
1995,68,Bryan Adams,Have You Ever Really Loved A Woman?
1995,69,Scarlet,Independent Love Song
1995,70,Boyzone,Key To My Life
1995,71,The Human League,Tell Me When
1995,72,Billie Ray Martin,Your Loving Arms
1995,73,Freak Power,Turn On Tune In Cop Out
1995,74,Clock,Whoomph! (There It Is)
1995,75,Corona,Baby Baby
1995,76,Oasis,Whatever
1995,77,Enya,Anywhere Is
1995,78,Love City Groove,Love City Groove
1995,79,Deuce,Call It Love
1995,80,Clock,Axel F / Keep Pushin'
1995,81,R Kelly,Bump 'N' Grind
1995,82,De'Lacy,Hideaway
1995,83,Michael Bolton,Can I Touch You... There?
1995,84,Grace,Not Over Yet
1995,85,Eternal,Power Of A Woman
1995,86,EMF / Reeves & Mortimer,I'm A Believer
1995,87,The Beatles,Free As A Bird
1995,88,Boyzone,So Good
1995,89,Bon Jovi,This Ain't A Love Song
1995,90,Janet Jackson,Whoops Now / What'll I Do
1995,91,Montell Jordan,This Is How We Do It
1995,92,Dana Dawson,3 Is Family
1995,93,Jam & Spoon featuring Plavka,Right In The Night (Fall In Love With Music)
1995,94,The Nightcrawlers featuring John Reid,Surrender Your Love
1995,95,McAlmont & Butler,Yes
1995,96,ADAM featuring Amy,Zombie
1995,97,Joshua Kadison,Jessie
1995,98,Celine Dion,Tu M'aimes Encore (To Love Me Again)
1995,99,Wet Wet Wet,Somewhere Somehow
1995,100,(MC Sar And) The Real McCoy,Love And Devotion
1998,1,Celine Dion,My Heart Will Go On
1998,2,Cher,Believe
1998,3,Run-DMC vs Jason Nevins,It's Like That
1998,4,All Saints,Never Ever
1998,5,LeAnn Rimes,How Do I Live
1998,6,B*Witched,C'est La Vie
1998,7,Boyzone,No Matter What
1998,8,Pras Michel featuring ODB & Mya,Ghetto Supastar (That Is What You Are)
1998,9,Savage Garden,Truly Madly Deeply
1998,10,The Tamperer featuring Maya,Feel It
1998,11,Aerosmith,I Don't Want To Miss A Thing
1998,12,Brandy & Monica,The Boy Is Mine
1998,13,All Saints,Under The Bridge / Lady Marmalade
1998,14,Aqua,Doctor Jones
1998,15,Stardust,Music Sounds Better With You
1998,16,Robbie Williams,Angels
1998,17,B*Witched,Rollercoaster
1998,18,Baddiel & Skinner and The Lightning Seeds,Three Lions '98
1998,19,Mousse T vs Hot 'N' Juicy,Horny
1998,20,The Mavericks,Dance The Night Away
1998,21,The Spice Girls,Viva Forever
1998,22,Another Level,Freak Me
1998,23,Janet Jackson,Together Again
1998,24,Robbie Williams,Millennium
1998,25,Madonna,Frozen
1998,26,The Lighthouse Family,High
1998,27,Savage Garden,To The Moon And Back
1998,28,T-Spoon,Sex On The Beach
1998,29,Various Artists,Perfect Day
1998,30,Cornershop,Brimful Of Asha
1998,31,Fat Les,Vindaloo
1998,32,The Beautiful South,Perfect 10
1998,33,Eagle-Eye Cherry,Save Tonight
1998,34,Steps,Heartbeat / Tragedy
1998,35,Usher,You Make Me Wanna
1998,36,Steps,Last Thing On My Mind
1998,37,Billie,Because We Want To
1998,38,The Spice Girls,Stop
1998,39,The Honeyz,Finally Found
1998,40,Teletubbies,Teletubbies Say Eh-Oh!
1998,41,Five,Got The Feelin'
1998,42,Steps,One For Sorrow
1998,43,Lutricia McNeal,Stranded
1998,44,Sash! featuring Tina Cousins,Mysterious Times
1998,45,Billie,Girlfriend
1998,46,Bamboo,Bamboogie
1998,47,The Spice Girls,Too Much
1998,48,George Michael,Outside
1998,49,Aqua,Turn Back Time
1998,50,Jamiroquai,Deeper Underground
1998,51,Busta Rhymes,Turn It Up / Fire It Up
1998,52,Jennifer Paige,Crush
1998,53,Will Smith,Gettin' Jiggy Wit It
1998,54,Sash!,La Primavera
1998,55,Boyzone,All That I Need
1998,56,Ace Of Base,Life Is A Flower
1998,57,Manic Street Preachers,If You Tolerate This Your Children Will Be Next
1998,58,Robbie Williams,Let Me Entertain You
1998,59,Des'ree,Life
1998,60,Puff Daddy featuring Jimmy Page,Come With Me
1998,61,Touch & Go,Would You?
1998,62,Wyclef Jean,Gone Till November
1998,63,The Tamperer featuring Maya,If You Buy This Record Your Life Will Be Better
1998,64,Sweetbox,Everything's Gonna Be Alright
1998,65,Melanie B featuring Missy 'Misdemeanor' Elliott,I Want You Back
1998,66,Will Smith,Just The Two Of Us
1998,67,Wildchild,Renegade Master '98
1998,68,Madonna,Ray Of Light
1998,69,Karen Ramirez,Looking For Love
1998,70,All Saints,Bootie Call
1998,71,Oasis,All Around The World
1998,72,Bus Stop featuring Carl Douglas,Kung Fu Fighting
1998,73,Boyzone,I Love The Way You Love Me
1998,74,Backstreet Boys,All I Have To Give
1998,75,Five,Everybody Get Up
1998,76,Billie Myers,Kiss The Rain
1998,77,U2,Sweetest Thing
1998,78,The Vengaboys,Up And Down
1998,79,E17,Each Time
1998,80,Natalie Imbruglia,Big Mistake
1998,81,Catatonia,Mulder And Scully
1998,82,The Corrs,Dreams
1998,83,The Corrs,What Can I Do
1998,84,Spacedust,Gym And Tonic
1998,85,Natalie Imbruglia,Torn
1998,86,Culture Club,I Just Wanna Be Loved
1998,87,B*Witched,To You I Belong
1998,88,K-Ci & JoJo,All My Life
1998,89,Apollo 440,Lost In Space
1998,90,Lauryn Hill,Doo Wop (That Thing)
1998,91,Cleopatra,Cleopatra's Theme
1998,92,Five,When The Lights Go Out
1998,93,Tin Tin Out featuring Shelley Nelson,Here's Where The Story Ends
1998,94,Aqua,Barbie Girl
1998,95,Lutricia McNeal,Ain't That Just The Way
1998,96,Celine Dion With The Bee Gees,Immortality
1998,97,Fatboy Slim,Gangster Trippin
1998,98,Chef,Chocolate Salty Balls (PS I Love You)
1998,99,The Spice Girls,Goodbye
1998,100,Will Smith,Miami
1999,1,Britney Spears,Baby One More Time
1999,2,Steps,Heartbeat / Tragedy
1999,3,Ricky Martin,Livin' La Vida Loca
1999,4,Eiffel 65,Blue (Da Ba Dee)
1999,5,Lou Bega,Mambo No 5 (A Little Bit Of...)
1999,6,Shania Twain,That Don't Impress Me Much
1999,7,ATB,9pm (Till I Come)
1999,8,DJ Jurgen Presents Alice Deejay,Better Off Alone
1999,9,Cliff Richard,The Millennium Prayer
1999,10,Christina Aguilera,Genie In A Bottle
1999,11,TLC,No Scrubs
1999,12,Shanks & Bigfoot,Sweet Like Chocolate
1999,13,The Vengaboys,"Boom, Boom, Boom, Boom!!"
1999,14,Will Smith featuring Dru Hill,Wild Wild West
1999,15,Martine McCutcheon,Perfect Moment
1999,16,Boyzone,When The Going Gets Tough
1999,17,Phats & Small,Turn Around
1999,18,S Club 7,Bring It All Back
1999,19,R Kelly,If I Could Turn Back The Hands Of Time
1999,20,Macy Gray,I Try
1999,21,Ronan Keating,When You Say Nothing At All
1999,22,Mr Oizo,Flat Beat
1999,23,Westlife,Swear It Again
1999,24,Backstreet Boys,I Want It That Way
1999,25,Whitney Houston,My Love Is Your Love
1999,26,Bryan Adams featuring Melanie C,When You're Gone
1999,27,Madonna,Beautiful Stranger
1999,28,Britney Spears,Sometimes
1999,29,Ann Lee,2 Times
1999,30,Chef,Chocolate Salty Balls (PS I Love You)
1999,31,The Spice Girls,Goodbye
1999,32,The Offspring,Pretty Fly (For A White Guy)
1999,33,The Cartoons,Witch Doctor
1999,34,Blondie,Maria
1999,35,The Vengaboys,We Like To Party! (The Vengabus)
1999,36,The New Radicals,You Get What You Give
1999,37,Whitney Houston,It's Not Right But It's Okay
1999,38,Five,Keep On Movin'
1999,39,The Wamdue Project,King Of My Castle
1999,40,Boyzone,You Needed Me
1999,41,Shania Twain,Man! I Feel Like A Woman!
1999,42,Armand Van Helden featuring Duane Harden,You Don't Know Me
1999,43,Shaft,(Mucho Mambo) Sway
1999,44,The Vengaboys,We're Going To Ibiza!
1999,45,Westlife,If I Let You Go
1999,46,Geri Halliwell,Mi Chico Latino
1999,47,Baz Luhrmann,Everybody's Free (To Wear Sunscreen)
1999,48,Cher,Believe
1999,49,Eminem,My Name Is
1999,50,S Club 7,S Club Party
1999,51,DJ Jean,The Launch
1999,52,Westlife,Flying Without Wings
1999,53,"Steps, Tina Cousins, Cleopatra, B*Witched & Billie",Thank Abba For The Music
1999,54,Fatboy Slim,Praise You
1999,55,Five,If Ya Gettin' Down
1999,56,Steps,Love's Got A Hold On My Heart
1999,57,Steps,Better Best Forgotten
1999,58,Lenny Kravitz,Fly Away
1999,59,Robbie Williams,She's The One / It's Only Us
1999,60,Jennifer Lopez,If You Had My Love
1999,61,Sixpence None The Richer,Kiss Me
1999,62,Geri Halliwell,Look At Me
1999,63,Geri Halliwell,Lift Me Up
1999,64,The Corrs,Runaway
1999,65,2Pac,Changes
1999,66,Blur,Tender
1999,67,Artful Dodger featuring Craig David,Re-Rewind The Crowd Say Bo Selecta
1999,68,Britney Spears,(You Drive Me) Crazy
1999,69,Bran Van 3000,Drinking In L.A.
1999,70,Bob Marley vs Funkstar De Luxe,Sun Is Shining
1999,71,Fatboy Slim,Right Here Right Now
1999,72,The Wiseguys,Ooh La La
1999,73,Will Smith,Will 2K
1999,74,911,A Little Bit More
1999,75,B*Witched,Blame It On The Weatherman
1999,76,Cher,Strong Enough
1999,77,Basement Jaxx,Red Alert
1999,78,TLC,Unpretty
1999,79,Terrorvision,Tequilla
1999,80,The Chemical Brothers,Hey Boy Hey Girl
1999,81,The Honeyz,End Of The Line
1999,82,Alice Deejay,Back In My Life
1999,83,Westlife,I Have A Dream / Seasons In The Sun
1999,84,TQ,Westside
1999,85,Lolly,Mickey
1999,86,Enrique Iglesias,Bailamos
1999,87,DJ Sakin & Friends,Protect Your Mind (For The Love Of A Princess)
1999,88,Boyzone,Every Day I Love You
1999,89,The Offspring,Why Don't You Get A Job?
1999,90,ATB,Don't Stop
1999,91,George Michael & Mary J Blige,As
1999,92,B*Witched,To You I Belong
1999,93,Another Level / Ghostface Killah,I Want You For Myself
1999,94,Adam Rickitt,I Breathe Again
1999,95,Moloko,Sing It Back
1999,96,Tin Tin Out featuring Emma Bunton,What I Am
1999,97,B*Witched,Jesse Hold On
1999,98,Chicane featuring Maire Brennan,Saltwater
1999,99,Jamiroquai,Canned Heat
1999,100,Blockster,You Should Be...
2008,1,Basshunter featuring DJ Mental Theo's Bazzheadz,Now You're Gone
2008,2,Nickelback,Rockstar
2008,3,Duffy,Mercy
2008,4,Adele,Chasing Pavements
2008,5,Rihanna,Don't Stop The Music
2008,6,Soulja Boy Tellem,Crank That (Soulja Boy)
2008,7,Britney Spears,Piece Of Me
2008,8,H Two O featuring Platnum,What's It Gonna Be
2008,9,Timbaland featuring One Republic,Apologize
2008,10,Flo Rida featuring T-Pain,Low
2008,11,Kelly Rowland,Work
2008,12,Mark Ronson featuring Amy Winehouse,Valerie
2008,13,Leona Lewis,Bleeding Love
2008,14,OneRepublic,Stop And Stare
2008,15,Estelle featuring Kanye West,American Boy
2008,16,Take That,Rule The World
2008,17,Kylie Minogue,Wow
2008,18,Lupe Fiasco featuring Matthew Santos,Superstar
2008,19,Leon Jackson,When You Believe
2008,20,David Jordan,Sun Goes Down
2008,21,Scouting For Girls,Elvis Ain't Dead
2008,22,Girls Aloud,Call The Shots
2008,23,Alicia Keys,No One
2008,24,Leona Lewis,Better In Time / Footprints In The Sand
2008,25,Taio Cruz,Come On Girl
2008,26,One Night Only,Just For Tonight
2008,27,T2 featuring Jodie Aysha,Heartbroken
2008,28,Kanye West,Homecoming
2008,29,Utah Saints,Something Good 08
2008,30,Cascada,What Hurts The Most
2008,31,Alphabeat,Fascination
2008,32,Robyn,Be Mine
2008,33,Chris Brown,With You
2008,34,Mika,Relax Take It Easy
2008,35,Timbaland featuring Keri Hilson & Nicole Scherzinger,Scream
2008,36,Jay Sean,Ride It
2008,37,Hot Chip,Ready For The Floor
2008,38,Sugababes,About You Now
2008,39,Hoosiers,Goodbye Mr A
2008,40,Girls Aloud,Can't Speak French
2008,41,Rihanna featuring Jay-Z,Umbrella
2008,42,The Feeling,I Thought It Was Over
2008,43,Scouting For Girls,She's So Lovely
2008,44,Wombats,Moving To New York
2008,45,Goldfrapp,A&E
2008,46,Booty Luv,Some Kinda Rush
2008,47,Madonna featuring Justin Timberlake,4 Minutes
2008,48,Sam Sparro,Black And Gold
2008,49,Mary J Blige,Just Fine
2008,50,Amy MacDonald,This Is The Life
2008,51,Sugababes,Denial
2008,52,Sugababes,Change
2008,53,Westlife,Us Against The World
2008,54,Panic At The Disco,Nine In The Afternoon
2008,55,Mark Brown featuring Sarah Cracknell,The Journey Continues
2008,56,Kanye West,Stronger
2008,57,Timbaland featuring Doe & Keri Hilson,The Way I Are
2008,58,Rihanna,Hate That I Love You
2008,59,Kate Nash,Pumpkin Soup
2008,60,Newton Faulkner,Dream Catch Me
2008,61,Plain White T's,Hey There Delilah
2008,62,Britney Spears,Gimme More
2008,63,Bloc Party,Flux
2008,64,Delinquent featuring KCat,My Destiny
2008,65,Yael Naim,New Soul
2008,66,The Kooks,Always Where I Need To Be
2008,67,Amy Winehouse,Back To Black
2008,68,Kylie Minogue,2 Hearts
2008,69,Snow Patrol,Chasing Cars
2008,70,50 Cent featuring Justin Timberlake & Timbaland,Ayo Technology
2008,71,Duffy,Rockferry
2008,72,Foals,Cassius
2008,73,Robyn with Kleerup,With Every Heartbeat
2008,74,Futureheads,The Beginning Of The Twist
2008,75,Kate Nash,Foundations
2008,76,Hoosiers,Worried About Ray
2008,77,Mika,Happy Ending
2008,78,Shayne Ward,Breathless
2008,79,Michael Buble,Lost
2008,80,Freemasons featuring Bailey Tzuke,Uninvited
2008,81,Leona Lewis,Footprints In The Sand
2008,82,Gnarls Barkley,Run
2008,83,Paramore,Misery Business
2008,84,T-Pain featuring Teddy Verseti,Church
2008,85,Guillemots,Get Over It
2008,86,We Are Scientists,After Hours
2008,87,Craig David,6 Of 1 Thing
2008,88,Mariah Carey,Touch My Body
2008,89,Usher featuring Young Jeezy,Love In This Club
2008,90,Foo Fighters,The Pretender
2008,91,Michael Jackson featuring Will I Am,The Girl Is Mine
2008,92,Westlife,Home
2008,93,Natasha Bedingfield featuring Sean Kingston,Love Like This
2008,94,Kaiser Chiefs,Ruby
2008,95,Simple Plan,When I'm Gone
2008,96,Gabriella Cilmi,Sweet About Me
2008,97,Amy Winehouse,Rehab
2008,98,Ida Corr vs Fedde Le Grand,Let Me Think About It
2008,99,Mika,Grace Kelly
2008,100,Elliot Minor,Still Figuring Out
2009,1,LADY GAGA,POKER FACE
2009,2,BLACK EYED PEAS,I GOTTA FEELING
2009,3,LA ROUX,IN FOR THE KILL
2009,4,LADY GAGA,JUST DANCE
2009,5,KINGS OF LEON,SEX ON FIRE
2009,6,KINGS OF LEON,USE SOMEBODY
2009,7,BLACK EYED PEAS,BOOM BOOM POW
2009,8,JAMES MORRISON / NELLY FURTADO,BROKEN STRINGS
2009,9,DAVID GUETTA FT AKON,SEXY CHICK
2009,10,JAY-Z FT ALICIA KEYS,EMPIRE STATE OF MIND
2009,11,TINCHY STRYDER FT N-DUBZ,NUMBER 1
2009,12,LADY GAGA,PAPARAZZI
2009,13,LILY ALLEN,THE FEAR
2009,14,AR RAHMAN FT PUSSYCAT DOLLS,JAI HO (YOU ARE MY DESTINY)
2009,15,BEYONCE,HALO
2009,16,LILY ALLEN,NOT FAIR
2009,17,DANIEL MERRIWEATHER,RED
2009,18,DAVID GUETTA FT KELLY ROWLAND,WHEN LOVE TAKES OVER
2009,19,BEYONCE,SINGLE LADIES (PUT A RING ON IT)
2009,20,BEYONCE,SWEET DREAMS
2009,21,KERI HILSON / KANYE WEST / NE-YO,KNOCK YOU DOWN
2009,22,LA ROUX,BULLETPROOF
2009,23,BLACK EYED PEAS,MEET ME HALFWAY
2009,24,DIZZEE RASCAL / VAN HELDEN,BONKERS
2009,25,TAYLOR SWIFT,LOVE STORY
2009,26,AGNES,RELEASE ME
2009,27,JLS,BEAT AGAIN
2009,28,ALESHA DIXON,BREATHE SLOW
2009,29,CALVIN HARRIS,I'M NOT ALONE
2009,30,CHERYL COLE,FIGHT FOR THIS LOVE
2009,31,JASON MRAZ,I'M YOURS
2009,32,FLO RIDA FT KESHA,RIGHT ROUND
2009,33,TI FT JUSTIN TIMBERLAKE,DEAD AND GONE
2009,34,CASCADA,EVACUATE THE DANCEFLOOR
2009,35,KID CUDI VS CROOKERS,DAY 'N' NITE
2009,36,MR HUDSON FT KANYE WEST,SUPERNOVA
2009,37,METRO STATION,SHAKE IT
2009,38,EMINEM,WE MADE YOU
2009,39,LADY GAGA,BAD ROMANCE
2009,40,TAIO CRUZ,BREAK YOUR HEART
2009,41,AKON FT K OFFISHALL / C O'DONIS,BEAUTIFUL
2009,42,ALEXANDRA BURKE FT FLO RIDA,BAD BOYS
2009,43,PITBULL,I KNOW YOU WANT ME (CALLE OCHO)
2009,44,LITTLE BOOTS,REMEDY
2009,45,CIARA FT JUSTIN TIMBERLAKE,LOVE SEX MAGIC
2009,46,KILLERS,HUMAN
2009,47,KELLY CLARKSON,MY LIFE WOULD SUCK WITHOUT YOU
2009,48,SOULJA BOY TELLEM FT SAMMIE,KISS ME THRU THE PHONE
2009,49,TINCHY STRYDER FT TAIO CRUZ,TAKE ME BACK
2009,50,VERONICAS,UNTOUCHED
2009,51,JORDIN SPARKS,BATTLEFIELD
2009,52,MICHAEL BUBLE,HAVEN'T MET YOU YET
2009,53,SHAKIRA,SHE WOLF
2009,54,KESHA,TIK TOK
2009,55,TINCHY STRYDER FT AMELLE,NEVER LEAVE YOU
2009,56,PRODIGY,OMEN
2009,57,SATURDAYS,ISSUES
2009,58,SHONTELLE,T-SHIRT
2009,59,NOISETTES,DON'T UPSET THE RHYTHM (GO BABY GO)
2009,60,ENRIQUE IGLESIAS FT CIARA,TAKIN' BACK MY LOVE
2009,61,JAY-Z FT RIHANNA & KANYE WEST,RUN THIS TOWN
2009,62,KEVIN RUDOLF FT LIL WAYNE,LET IT ROCK
2009,63,TEMPER TRAP,SWEET DISPOSITION
2009,64,KATY PERRY,HOT N COLD
2009,65,BEYONCE,IF I WERE A BOY
2009,66,DIZZEE RASCAL,HOLIDAY
2009,67,LEONA LEWIS,RUN
2009,68,SEAN KINGSTON,FIRE BURNING
2009,69,IAN CAREY PROJECT,GET SHAKY
2009,70,PIXIE LOTT,MAMA DO
2009,71,ALEXANDRA BURKE,HALLELUJAH
2009,72,JAY SEAN FT LIL WAYNE,DOWN
2009,73,JLS,EVERYBODY IN LOVE
2009,74,PIXIE LOTT,BOYS & GIRLS
2009,75,PRODIGY,WARRIOR'S DANCE
2009,76,PETER KAY'S ANIMATED ALL STAR,THE OFFICIAL BBC CHILDREN IN NEED MEDLEY
2009,77,CHIPMUNK,OOPSY DAISY
2009,78,EMINEM FT DR DRE & 50 CENT,CRACK A BOTTLE
2009,79,WHITNEY HOUSTON,MILLION DOLLAR BILL
2009,80,PITBULL,HOTEL ROOM SERVICE
2009,81,BRITNEY SPEARS,CIRCUS
2009,82,PINK,PLEASE DON'T LEAVE ME
2009,83,MILEY CYRUS,THE CLIMB
2009,84,PUSSYCAT DOLLS / MISSY ELLIOTT,WHATCHA THINK ABOUT THAT
2009,85,WESTLIFE,WHAT ABOUT NOW
2009,86,MICHAEL JACKSON,MAN IN THE MIRROR
2009,87,JASON DERULO,WHATCHA SAY
2009,88,KASABIAN,FIRE
2009,89,FLORENCE & THE MACHINE,RABBIT HEART (RAISE IT UP)
2009,90,X FACTOR FINALISTS 2009,YOU ARE NOT ALONE
2009,91,CALVIN HARRIS,READY FOR THE WEEKEND
2009,92,IRONIK / CHIPMUNK / ELTON JOHN,TINY DANCER (HOLD ME CLOSER)
2009,93,CHIPMUNK FT EMELI SANDE,DIAMOND RINGS
2009,94,RIHANNA,RUSSIAN ROULETTE
2009,95,SATURDAYS,JUST CAN'T GET ENOUGH
2009,96,PUSSYCAT DOLLS,HUSH HUSH; HUSH HUSH
2009,97,CHICANE,POPPIHOLLA
2009,98,ROBBIE WILLIAMS,YOU KNOW ME
2009,99,ESMEE DENTERS,OUTTA HERE
2009,100,DIZZEE RASCAL,DIRTEE CASH
